name,title,level,facing,categories,description,detail,remediation,metadata,cache_key
rls_disabled_in_public,RLS Disabled in Public,ERROR,EXTERNAL,"[""SECURITY""]",Detects cases where row level security (RLS) has not been enabled on tables in schemas exposed to PostgREST,"Table \`public.migrations\` is public, but RLS has not been enabled.",https://supabase.com/docs/guides/database/database-linter?lint=0013_rls_disabled_in_public,"{""name"":""migrations"",""type"":""table"",""schema"":""public""}",rls_disabled_in_public_public_migrations
rls_disabled_in_public,RLS Disabled in Public,ERROR,EXTERNAL,"[""SECURITY""]",Detects cases where row level security (RLS) has not been enabled on tables in schemas exposed to PostgREST,"Table \`public.items\` is public, but RLS has not been enabled.",https://supabase.com/docs/guides/database/database-linter?lint=0013_rls_disabled_in_public,"{""name"":""items"",""type"":""table"",""schema"":""public""}",rls_disabled_in_public_public_items
rls_disabled_in_public,RLS Disabled in Public,ERROR,EXTERNAL,"[""SECURITY""]",Detects cases where row level security (RLS) has not been enabled on tables in schemas exposed to PostgREST,"Table \`public.user_companies\` is public, but RLS has not been enabled.",https://supabase.com/docs/guides/database/database-linter?lint=0013_rls_disabled_in_public,"{""name"":""user_companies"",""type"":""table"",""schema"":""public""}",rls_disabled_in_public_public_user_companies
rls_disabled_in_public,RLS Disabled in Public,ERROR,EXTERNAL,"[""SECURITY""]",Detects cases where row level security (RLS) has not been enabled on tables in schemas exposed to PostgREST,"Table \`public.companies\` is public, but RLS has not been enabled.",https://supabase.com/docs/guides/database/database-linter?lint=0013_rls_disabled_in_public,"{""name"":""companies"",""type"":""table"",""schema"":""public""}",rls_disabled_in_public_public_companies
rls_disabled_in_public,RLS Disabled in Public,ERROR,EXTERNAL,"[""SECURITY""]",Detects cases where row level security (RLS) has not been enabled on tables in schemas exposed to PostgREST,"Table \`public.properties\` is public, but RLS has not been enabled.",https://supabase.com/docs/guides/database/database-linter?lint=0013_rls_disabled_in_public,"{""name"":""properties"",""type"":""table"",""schema"":""public""}",rls_disabled_in_public_public_properties
rls_disabled_in_public,RLS Disabled in Public,ERROR,EXTERNAL,"[""SECURITY""]",Detects cases where row level security (RLS) has not been enabled on tables in schemas exposed to PostgREST,"Table \`public.tenant_profiles\` is public, but RLS has not been enabled.",https://supabase.com/docs/guides/database/database-linter?lint=0013_rls_disabled_in_public,"{""name"":""tenant_profiles"",""type"":""table"",""schema"":""public""}",rls_disabled_in_public_public_tenant_profiles
rls_disabled_in_public,RLS Disabled in Public,ERROR,EXTERNAL,"[""SECURITY""]",Detects cases where row level security (RLS) has not been enabled on tables in schemas exposed to PostgREST,"Table \`public.company_invitations\` is public, but RLS has not been enabled.",https://supabase.com/docs/guides/database/database-linter?lint=0013_rls_disabled_in_public,"{""name"":""company_invitations"",""type"":""table"",""schema"":""public""}",rls_disabled_in_public_public_company_invitations
rls_disabled_in_public,RLS Disabled in Public,ERROR,EXTERNAL,"[""SECURITY""]",Detects cases where row level security (RLS) has not been enabled on tables in schemas exposed to PostgREST,"Table \`public.tenant_invitations\` is public, but RLS has not been enabled.",https://supabase.com/docs/guides/database/database-linter?lint=0013_rls_disabled_in_public,"{""name"":""tenant_invitations"",""type"":""table"",""schema"":""public""}",rls_disabled_in_public_public_tenant_invitations
rls_disabled_in_public,RLS Disabled in Public,ERROR,EXTERNAL,"[""SECURITY""]",Detects cases where row level security (RLS) has not been enabled on tables in schemas exposed to PostgREST,"Table \`public.users\` is public, but RLS has not been enabled.",https://supabase.com/docs/guides/database/database-linter?lint=0013_rls_disabled_in_public,"{""name"":""users"",""type"":""table"",""schema"":""public""}",rls_disabled_in_public_public_users
rls_disabled_in_public,RLS Disabled in Public,ERROR,EXTERNAL,"[""SECURITY""]",Detects cases where row level security (RLS) has not been enabled on tables in schemas exposed to PostgREST,"Table \`public.units\` is public, but RLS has not been enabled.",https://supabase.com/docs/guides/database/database-linter?lint=0013_rls_disabled_in_public,"{""name"":""units"",""type"":""table"",""schema"":""public""}",rls_disabled_in_public_public_units
rls_disabled_in_public,RLS Disabled in Public,ERROR,EXTERNAL,"[""SECURITY""]",Detects cases where row level security (RLS) has not been enabled on tables in schemas exposed to PostgREST,"Table \`public.rent_cycle_line_items\` is public, but RLS has not been enabled.",https://supabase.com/docs/guides/database/database-linter?lint=0013_rls_disabled_in_public,"{""name"":""rent_cycle_line_items"",""type"":""table"",""schema"":""public""}",rls_disabled_in_public_public_rent_cycle_line_items
rls_disabled_in_public,RLS Disabled in Public,ERROR,EXTERNAL,"[""SECURITY""]",Detects cases where row level security (RLS) has not been enabled on tables in schemas exposed to PostgREST,"Table \`public.payments\` is public, but RLS has not been enabled.",https://supabase.com/docs/guides/database/database-linter?lint=0013_rls_disabled_in_public,"{""name"":""payments"",""type"":""table"",""schema"":""public""}",rls_disabled_in_public_public_payments
rls_disabled_in_public,RLS Disabled in Public,ERROR,EXTERNAL,"[""SECURITY""]",Detects cases where row level security (RLS) has not been enabled on tables in schemas exposed to PostgREST,"Table \`public.expenses\` is public, but RLS has not been enabled.",https://supabase.com/docs/guides/database/database-linter?lint=0013_rls_disabled_in_public,"{""name"":""expenses"",""type"":""table"",""schema"":""public""}",rls_disabled_in_public_public_expenses
rls_disabled_in_public,RLS Disabled in Public,ERROR,EXTERNAL,"[""SECURITY""]",Detects cases where row level security (RLS) has not been enabled on tables in schemas exposed to PostgREST,"Table \`public.rent_cycles\` is public, but RLS has not been enabled.",https://supabase.com/docs/guides/database/database-linter?lint=0013_rls_disabled_in_public,"{""name"":""rent_cycles"",""type"":""table"",""schema"":""public""}",rls_disabled_in_public_public_rent_cycles
rls_disabled_in_public,RLS Disabled in Public,ERROR,EXTERNAL,"[""SECURITY""]",Detects cases where row level security (RLS) has not been enabled on tables in schemas exposed to PostgREST,"Table \`public.payment_methods\` is public, but RLS has not been enabled.",https://supabase.com/docs/guides/database/database-linter?lint=0013_rls_disabled_in_public,"{""name"":""payment_methods"",""type"":""table"",""schema"":""public""}",rls_disabled_in_public_public_payment_methods
rls_disabled_in_public,RLS Disabled in Public,ERROR,EXTERNAL,"[""SECURITY""]",Detects cases where row level security (RLS) has not been enabled on tables in schemas exposed to PostgREST,"Table \`public.company_settings\` is public, but RLS has not been enabled.",https://supabase.com/docs/guides/database/database-linter?lint=0013_rls_disabled_in_public,"{""name"":""company_settings"",""type"":""table"",""schema"":""public""}",rls_disabled_in_public_public_company_settings
rls_disabled_in_public,RLS Disabled in Public,ERROR,EXTERNAL,"[""SECURITY""]",Detects cases where row level security (RLS) has not been enabled on tables in schemas exposed to PostgREST,"Table \`public.leases\` is public, but RLS has not been enabled.",https://supabase.com/docs/guides/database/database-linter?lint=0013_rls_disabled_in_public,"{""name"":""leases"",""type"":""table"",""schema"":""public""}",rls_disabled_in_public_public_leases
rls_disabled_in_public,RLS Disabled in Public,ERROR,EXTERNAL,"[""SECURITY""]",Detects cases where row level security (RLS) has not been enabled on tables in schemas exposed to PostgREST,"Table \`public.revoked_refresh_tokens\` is public, but RLS has not been enabled.",https://supabase.com/docs/guides/database/database-linter?lint=0013_rls_disabled_in_public,"{""name"":""revoked_refresh_tokens"",""type"":""table"",""schema"":""public""}",rls_disabled_in_public_public_revoked_refresh_tokens
rls_disabled_in_public,RLS Disabled in Public,ERROR,EXTERNAL,"[""SECURITY""]",Detects cases where row level security (RLS) has not been enabled on tables in schemas exposed to PostgREST,"Table \`public.accounting_entries\` is public, but RLS has not been enabled.",https://supabase.com/docs/guides/database/database-linter?lint=0013_rls_disabled_in_public,"{""name"":""accounting_entries"",""type"":""table"",""schema"":""public""}",rls_disabled_in_public_public_accounting_entries
sensitive_columns_exposed,Sensitive Columns Exposed,ERROR,EXTERNAL,"[""SECURITY""]","Detects tables exposed via API that contain columns with potentially sensitive data (PII, credentials, financial info) without RLS protection.",Table `public.company_invitations` is exposed via API without RLS and contains potentially sensitive column(s): token. This may lead to data exposure.,https://supabase.com/docs/guides/database/database-linter?lint=0023_sensitive_columns_exposed,"{""name"":""company_invitations"",""type"":""table"",""schema"":""public"",""matched_patterns"":[""token""],""sensitive_columns"":[""token""]}",sensitive_columns_exposed_public_company_invitations
sensitive_columns_exposed,Sensitive Columns Exposed,ERROR,EXTERNAL,"[""SECURITY""]","Detects tables exposed via API that contain columns with potentially sensitive data (PII, credentials, financial info) without RLS protection.",Table `public.tenant_invitations` is exposed via API without RLS and contains potentially sensitive column(s): token. This may lead to data exposure.,https://supabase.com/docs/guides/database/database-linter?lint=0023_sensitive_columns_exposed,"{""name"":""tenant_invitations"",""type"":""table"",""schema"":""public"",""matched_patterns"":[""token""],""sensitive_columns"":[""token""]}",sensitive_columns_exposed_public_tenant_invitations
sensitive_columns_exposed,Sensitive Columns Exposed,ERROR,EXTERNAL,"[""SECURITY""]","Detects tables exposed via API that contain columns with potentially sensitive data (PII, credentials, financial info) without RLS protection.",Table `public.users` is exposed via API without RLS and contains potentially sensitive column(s): password. This may lead to data exposure.,https://supabase.com/docs/guides/database/database-linter?lint=0023_sensitive_columns_exposed,"{""name"":""users"",""type"":""table"",""schema"":""public"",""matched_patterns"":[""password""],""sensitive_columns"":[""password""]}",sensitive_columns_exposed_public_users